filename,true_label,predicted_label,confidence
Te-gl_0284.jpg,glioma,glioma,0.9999344348907471
Te-gl_0290.jpg,glioma,glioma,0.9999915361404419
Te-gl_0247.jpg,glioma,glioma,0.9935775399208069
Te-gl_0253.jpg,glioma,glioma,0.9985445737838745
Te-gl_0086.jpg,glioma,glioma,0.9998962879180908
Te-gl_0092.jpg,glioma,glioma,0.9999710321426392
Te-gl_0045.jpg,glioma,glioma,0.9999865293502808
Te-gl_0051.jpg,glioma,glioma,0.9999985694885254
Te-gl_0079.jpg,glioma,glioma,0.9999799728393555
Te-gl_0131.jpg,glioma,glioma,0.9999990463256836
Te-gl_0125.jpg,glioma,glioma,0.9999821186065674
Te-gl_0119.jpg,glioma,glioma,0.9997900128364563
Te-gl_0118.jpg,glioma,glioma,0.9999134540557861
Te-gl_0124.jpg,glioma,glioma,0.9999594688415527
Te-gl_0130.jpg,glioma,glioma,0.9999984502792358
Te-gl_0078.jpg,glioma,glioma,0.9999927282333374
Te-gl_0050.jpg,glioma,glioma,0.9994667172431946
Te-gl_0044.jpg,glioma,glioma,0.988588809967041
Te-gl_0093.jpg,glioma,glioma,0.9999371767044067
Te-gl_0087.jpg,glioma,glioma,0.9999759197235107
Te-gl_0252.jpg,glioma,glioma,0.9981322884559631
Te-gl_0246.jpg,glioma,glioma,0.9992635846138
Te-gl_0291.jpg,glioma,glioma,0.9999605417251587
Te-gl_0285.jpg,glioma,glioma,0.9989481568336487
Te-gl_0293.jpg,glioma,glioma,0.9999985694885254
Te-gl_0287.jpg,glioma,glioma,0.9999946355819702
Te-gl_0250.jpg,glioma,glioma,0.9998477697372437
Te-gl_0244.jpg,glioma,glioma,0.9999899864196777
Te-gl_0278.jpg,glioma,glioma,0.9983481168746948
Te-gl_0091.jpg,glioma,glioma,0.9999736547470093
Te-gl_0085.jpg,glioma,glioma,0.9999973773956299
Te-gl_0052.jpg,glioma,glioma,0.9999873638153076
Te-gl_0046.jpg,glioma,glioma,0.9990246295928955
Te-gl_0126.jpg,glioma,glioma,0.999994158744812
Te-gl_0132.jpg,glioma,glioma,1.0
Te-glTr_0009.jpg,glioma,glioma,0.9999938011169434
Te-glTr_0008.jpg,glioma,glioma,0.9999988079071045
Te-gl_0133.jpg,glioma,glioma,0.9999980926513672
Te-gl_0127.jpg,glioma,glioma,0.9999963045120239
Te-gl_0047.jpg,glioma,glioma,0.9965517520904541
Te-gl_0053.jpg,glioma,glioma,0.9999985694885254
Te-gl_0084.jpg,glioma,glioma,0.999990701675415
Te-gl_0090.jpg,glioma,glioma,0.9999328851699829
Te-gl_0279.jpg,glioma,glioma,0.9872334003448486
Te-gl_0245.jpg,glioma,glioma,0.9999845027923584
Te-gl_0251.jpg,glioma,glioma,0.9999728202819824
Te-gl_0286.jpg,glioma,glioma,0.9999898672103882
Te-gl_0292.jpg,glioma,glioma,0.9999996423721313
Te-gl_0296.jpg,glioma,glioma,0.9999958276748657
Te-gl_0282.jpg,glioma,glioma,0.9998205304145813
Te-gl_0269.jpg,glioma,glioma,0.999946117401123
Te-gl_0255.jpg,glioma,glioma,0.9002042412757874
Te-gl_0241.jpg,glioma,glioma,0.9998076558113098
Te-gl_0094.jpg,glioma,glioma,0.9336170554161072
Te-gl_0080.jpg,glioma,glioma,0.9999326467514038
Te-gl_0057.jpg,glioma,glioma,0.9999861717224121
Te-gl_0043.jpg,glioma,glioma,0.9999356269836426
Te-gl_0123.jpg,glioma,glioma,0.9999712705612183
Te-gl_0137.jpg,glioma,glioma,0.9999929666519165
Te-gl_0136.jpg,glioma,glioma,0.9999979734420776
Te-gl_0122.jpg,glioma,glioma,0.9999990463256836
Te-gl_0042.jpg,glioma,glioma,0.9999862909317017
Te-gl_0056.jpg,glioma,glioma,0.9999810457229614
Te-gl_0081.jpg,glioma,glioma,0.9998453855514526
Te-gl_0095.jpg,glioma,glioma,0.999988317489624
Te-gl_0240.jpg,glioma,glioma,0.9999932050704956
Te-gl_0254.jpg,glioma,glioma,0.9999678134918213
Te-gl_0268.jpg,glioma,glioma,0.9870885014533997
Te-gl_0283.jpg,glioma,glioma,0.944800853729248
Te-gl_0297.jpg,glioma,glioma,0.9999970197677612
Te-gl_0281.jpg,glioma,glioma,0.9985291957855225
Te-gl_0295.jpg,glioma,glioma,0.9993815422058105
Te-gl_0242.jpg,glioma,glioma,0.9713737368583679
Te-gl_0256.jpg,glioma,glioma,0.9998911619186401
Te-gl_0083.jpg,glioma,glioma,0.9987921118736267
Te-gl_0097.jpg,glioma,glioma,0.9999849796295166
Te-gl_0068.jpg,glioma,glioma,0.9999955892562866
Te-gl_0040.jpg,glioma,glioma,0.9999985694885254
Te-gl_0054.jpg,glioma,glioma,0.9999964237213135
Te-gl_0108.jpg,glioma,glioma,0.9999980926513672
Te-gl_0134.jpg,glioma,glioma,0.9999918937683105
Te-gl_0120.jpg,glioma,glioma,0.9999998807907104
Te-gl_0121.jpg,glioma,glioma,0.9996175765991211
Te-gl_0135.jpg,glioma,glioma,0.9999051094055176
Te-gl_0109.jpg,glioma,glioma,0.9759505391120911
Te-gl_0055.jpg,glioma,glioma,0.9999443292617798
Te-gl_0041.jpg,glioma,glioma,0.9999991655349731
Te-gl_0069.jpg,glioma,glioma,0.9999566078186035
Te-gl_0096.jpg,glioma,glioma,0.999997615814209
Te-gl_0082.jpg,glioma,glioma,0.9999959468841553
Te-gl_0257.jpg,glioma,glioma,0.9998037219047546
Te-gl_0243.jpg,glioma,glioma,0.9999839067459106
Te-gl_0294.jpg,glioma,glioma,0.9998038411140442
Te-gl_0280.jpg,glioma,glioma,0.999974250793457
Te-gl_0224.jpg,glioma,glioma,0.9999972581863403
Te-gl_0230.jpg,glioma,glioma,0.9803504943847656
Te-gl_0218.jpg,glioma,glioma,0.9998395442962646
Te-gl_0026.jpg,glioma,glioma,0.9999972581863403
Te-gl_0032.jpg,glioma,glioma,0.9999996423721313
Te-gl_0191.jpg,glioma,glioma,0.9999964237213135
Te-gl_0185.jpg,glioma,glioma,0.9999431371688843
Te-gl_0152.jpg,glioma,glioma,0.9997830986976624
Te-gl_0146.jpg,glioma,glioma,0.9999819993972778
Te-gl_0147.jpg,glioma,glioma,0.999927282333374
Te-gl_0153.jpg,glioma,glioma,0.9999995231628418
Te-gl_0184.jpg,glioma,glioma,0.9999294281005859
Te-gl_0190.jpg,glioma,glioma,0.9995875954627991
Te-gl_0033.jpg,glioma,glioma,0.9999902248382568
Te-gl_0027.jpg,glioma,glioma,0.9999996423721313
Te-gl_0219.jpg,glioma,glioma,0.998117208480835
Te-gl_0231.jpg,glioma,glioma,0.9925770163536072
Te-gl_0225.jpg,glioma,glioma,0.9976620674133301
Te-gl_0233.jpg,glioma,glioma,0.9999967813491821
Te-gl_0227.jpg,glioma,glioma,0.9961159229278564
Te-gl_0031.jpg,glioma,glioma,0.9999990463256836
Te-gl_0025.jpg,glioma,glioma,0.9999991655349731
Te-gl_0019.jpg,glioma,glioma,0.9999444484710693
Te-gl_0186.jpg,glioma,glioma,0.9972401857376099
Te-gl_0192.jpg,glioma,glioma,0.9037194848060608
Te-gl_0145.jpg,glioma,glioma,0.9999971389770508
Te-gl_0151.jpg,glioma,glioma,0.9999886751174927
Te-gl_0179.jpg,glioma,glioma,0.9999508857727051
Te-gl_0178.jpg,glioma,glioma,0.9999643564224243
Te-gl_0150.jpg,glioma,glioma,0.999994158744812
Te-gl_0144.jpg,glioma,glioma,0.9999991655349731
Te-gl_0193.jpg,glioma,glioma,0.9999910593032837
Te-gl_0187.jpg,glioma,glioma,0.9999924898147583
Te-gl_0018.jpg,glioma,glioma,0.9999183416366577
Te-gl_0024.jpg,glioma,glioma,0.9974710941314697
Te-gl_0030.jpg,glioma,glioma,0.999907374382019
Te-gl_0226.jpg,glioma,glioma,0.9998083710670471
Te-gl_0232.jpg,glioma,glioma,0.7732772827148438
Te-gl_0236.jpg,glioma,glioma,0.9992077946662903
Te-gl_0222.jpg,glioma,glioma,0.9612824320793152
Te-gl_0034.jpg,glioma,glioma,0.999988317489624
Te-gl_0020.jpg,glioma,glioma,0.9999768733978271
Te-gl_0183.jpg,glioma,glioma,0.9998797178268433
Te-gl_0197.jpg,glioma,glioma,0.9991464614868164
Te-gl_0168.jpg,glioma,glioma,0.999963641166687
Te-gl_0140.jpg,glioma,glioma,0.9999947547912598
Te-gl_0154.jpg,glioma,glioma,0.9999939203262329
Te-gl_0155.jpg,glioma,glioma,0.9999971389770508
Te-gl_0141.jpg,glioma,glioma,0.9999692440032959
Te-gl_0169.jpg,glioma,glioma,0.9154146313667297
Te-gl_0196.jpg,glioma,glioma,0.9999886751174927
Te-gl_0182.jpg,glioma,glioma,0.9998958110809326
Te-gl_0021.jpg,glioma,glioma,0.9999984502792358
Te-gl_0035.jpg,glioma,glioma,0.9999964237213135
Te-gl_0223.jpg,glioma,glioma,0.9998836517333984
Te-gl_0237.jpg,glioma,glioma,0.8910669088363647
Te-gl_0209.jpg,glioma,glioma,0.9972662925720215
Te-gl_0221.jpg,glioma,glioma,0.9999599456787109
Te-gl_0235.jpg,glioma,glioma,0.9996460676193237
Te-gl_0023.jpg,glioma,glioma,0.9999881982803345
Te-gl_0037.jpg,glioma,glioma,0.9999995231628418
Te-gl_0194.jpg,glioma,glioma,0.9999434947967529
Te-gl_0180.jpg,glioma,glioma,0.9999872446060181
Te-gl_0157.jpg,glioma,glioma,0.9999971389770508
Te-gl_0143.jpg,glioma,glioma,0.9999902248382568
Te-gl_0142.jpg,glioma,glioma,0.9999997615814209
Te-gl_0156.jpg,glioma,glioma,0.9999973773956299
Te-gl_0181.jpg,glioma,glioma,0.9999450445175171
Te-gl_0195.jpg,glioma,glioma,0.9948833584785461
Te-gl_0036.jpg,glioma,glioma,0.999788224697113
Te-gl_0022.jpg,glioma,glioma,0.9999985694885254
Te-gl_0234.jpg,glioma,glioma,0.999907374382019
Te-gl_0220.jpg,glioma,glioma,0.9998610019683838
Te-gl_0208.jpg,glioma,glioma,0.9948529601097107
Te-gl_0205.jpg,glioma,glioma,0.9999438524246216
Te-gl_0211.jpg,glioma,glioma,0.9999566078186035
Te-gl_0239.jpg,glioma,glioma,0.9992014765739441
Te-gl_0013.jpg,glioma,glioma,0.9999946355819702
Te-gl_0198.jpg,glioma,glioma,0.9999814033508301
Te-gl_0173.jpg,glioma,glioma,0.9999992847442627
Te-gl_0167.jpg,glioma,glioma,0.9999690055847168
Te-gl_0166.jpg,glioma,glioma,0.9996697902679443
Te-gl_0172.jpg,glioma,glioma,0.9999316930770874
Te-gl_0199.jpg,glioma,glioma,0.9997877478599548
Te-gl_0012.jpg,glioma,glioma,0.9999880790710449
Te-gl_0238.jpg,glioma,glioma,0.951134443283081
Te-gl_0210.jpg,glioma,glioma,0.9999734163284302
Te-gl_0204.jpg,glioma,glioma,0.9988595247268677
Te-gl_0212.jpg,glioma,glioma,0.9997941851615906
Te-gl_0206.jpg,glioma,glioma,0.9996970891952515
Te-gl_0010.jpg,glioma,glioma,0.9999818801879883
Te-gl_0038.jpg,glioma,glioma,0.9999982118606567
Te-gl_0164.jpg,glioma,glioma,0.9999818801879883
Te-gl_0170.jpg,glioma,glioma,0.9999417066574097
Te-gl_0158.jpg,glioma,glioma,0.9999728202819824
Te-gl_0159.jpg,glioma,glioma,0.9990874528884888
Te-gl_0171.jpg,glioma,glioma,0.99998939037323
Te-gl_0165.jpg,glioma,glioma,0.9999629259109497
Te-gl_0039.jpg,glioma,glioma,0.9999349117279053
Te-gl_0011.jpg,glioma,glioma,0.9999113082885742
Te-gl_0207.jpg,glioma,glioma,0.9998433589935303
Te-gl_0213.jpg,glioma,glioma,0.9993477463722229
Te-gl_0217.jpg,glioma,glioma,0.9999291896820068
Te-gl_0203.jpg,glioma,glioma,0.99994957447052
Te-gl_0029.jpg,glioma,glioma,0.9974710941314697
Te-gl_0015.jpg,glioma,glioma,0.9998421669006348
Te-gl_0149.jpg,glioma,glioma,0.9999884366989136
Te-gl_0161.jpg,glioma,glioma,0.9997609257698059
Te-gl_0175.jpg,glioma,glioma,0.9999959468841553
Te-gl_0174.jpg,glioma,glioma,0.9999557733535767
Te-gl_0160.jpg,glioma,glioma,0.9996280670166016
Te-gl_0148.jpg,glioma,glioma,0.9995900988578796
Te-gl_0014.jpg,glioma,glioma,0.9999799728393555
Te-gl_0028.jpg,glioma,glioma,0.9999794960021973
Te-gl_0202.jpg,glioma,glioma,0.9998887777328491
Te-gl_0216.jpg,glioma,glioma,0.9999812841415405
Te-gl_0228.jpg,glioma,glioma,0.9999593496322632
Te-gl_0200.jpg,glioma,glioma,0.9999634027481079
Te-gl_0214.jpg,glioma,glioma,0.9999804496765137
Te-gl_0016.jpg,glioma,glioma,0.9999707937240601
Te-gl_0189.jpg,glioma,glioma,0.99998939037323
Te-gl_0176.jpg,glioma,glioma,0.9999929666519165
Te-gl_0162.jpg,glioma,glioma,0.9995357990264893
Te-gl_0163.jpg,glioma,glioma,0.9997950196266174
Te-gl_0177.jpg,glioma,glioma,0.9999860525131226
Te-gl_0188.jpg,glioma,glioma,0.9999891519546509
Te-gl_0017.jpg,glioma,glioma,0.9999974966049194
Te-gl_0215.jpg,glioma,glioma,0.9997574687004089
Te-gl_0201.jpg,glioma,glioma,0.998954176902771
Te-gl_0229.jpg,glioma,glioma,0.9998266100883484
Te-gl_0299.jpg,glioma,glioma,0.99993896484375
Te-gl_0266.jpg,glioma,glioma,0.9997579455375671
Te-gl_0272.jpg,glioma,glioma,0.9999750852584839
Te-gl_0064.jpg,glioma,glioma,0.9999573230743408
Te-gl_0070.jpg,glioma,glioma,0.9999998807907104
Te-gl_0058.jpg,glioma,glioma,0.9999996423721313
Te-gl_0110.jpg,glioma,glioma,0.999997615814209
Te-gl_0104.jpg,glioma,glioma,0.9998772144317627
Te-glTr_0003.jpg,glioma,glioma,0.9964893460273743
Te-gl_0138.jpg,glioma,glioma,0.9999760389328003
Te-gl_0139.jpg,glioma,glioma,0.9999964237213135
Te-glTr_0002.jpg,glioma,glioma,0.9997995495796204
Te-gl_0105.jpg,glioma,glioma,0.9983526468276978
Te-gl_0111.jpg,glioma,glioma,0.9999996423721313
Te-gl_0059.jpg,glioma,glioma,0.9999985694885254
Te-gl_0071.jpg,glioma,glioma,0.9999980926513672
Te-gl_0065.jpg,glioma,glioma,0.999995231628418
Te-gl_0273.jpg,glioma,glioma,0.9999960660934448
Te-gl_0267.jpg,glioma,glioma,0.9271158576011658
Te-gl_0298.jpg,glioma,glioma,0.9999402761459351
Te-gl_0271.jpg,glioma,glioma,0.9986985921859741
Te-gl_0265.jpg,glioma,glioma,0.8104651570320129
Te-gl_0259.jpg,glioma,glioma,0.9088382720947266
Te-gl_0098.jpg,glioma,glioma,0.9998620748519897
Te-gl_0073.jpg,glioma,glioma,0.9999525547027588
Te-gl_0067.jpg,glioma,glioma,0.9999819993972778
Te-gl_0107.jpg,glioma,glioma,0.9994866847991943
Te-gl_0113.jpg,glioma,glioma,0.9999998807907104
Te-glTr_0000.jpg,glioma,glioma,0.9999945163726807
Te-glTr_0001.jpg,glioma,glioma,0.9999809265136719
Te-gl_0112.jpg,glioma,glioma,0.9999992847442627
Te-gl_0106.jpg,glioma,glioma,0.9999061822891235
Te-gl_0066.jpg,glioma,glioma,0.9999970197677612
Te-gl_0072.jpg,glioma,glioma,0.9999922513961792
Te-gl_0099.jpg,glioma,glioma,0.9999493360519409
Te-gl_0258.jpg,glioma,glioma,0.9771572947502136
Te-gl_0264.jpg,glioma,glioma,0.9966468214988708
Te-gl_0270.jpg,glioma,glioma,0.9999493360519409
Te-gl_0248.jpg,glioma,glioma,0.9999372959136963
Te-gl_0274.jpg,glioma,glioma,0.9999994039535522
Te-gl_0260.jpg,glioma,glioma,0.9999121427536011
Te-gl_0089.jpg,glioma,glioma,0.9994644522666931
Te-gl_0076.jpg,glioma,glioma,0.9999407529830933
Te-gl_0062.jpg,glioma,glioma,0.9999957084655762
Te-glTr_0005.jpg,glioma,glioma,0.9997407793998718
Te-gl_0102.jpg,glioma,glioma,0.9970716238021851
Te-gl_0116.jpg,glioma,glioma,0.9999997615814209
Te-gl_0117.jpg,glioma,glioma,0.9999994039535522
Te-gl_0103.jpg,glioma,glioma,0.9389169812202454
Te-glTr_0004.jpg,glioma,glioma,0.9999868869781494
Te-gl_0063.jpg,glioma,glioma,1.0
Te-gl_0077.jpg,glioma,glioma,0.9999970197677612
Te-gl_0088.jpg,glioma,glioma,0.9999916553497314
Te-gl_0261.jpg,glioma,glioma,0.99992835521698
Te-gl_0275.jpg,glioma,glioma,0.6843628287315369
Te-gl_0249.jpg,glioma,glioma,0.999931812286377
Te-gl_0288.jpg,glioma,glioma,0.999653697013855
Te-gl_0263.jpg,glioma,glioma,0.9985266923904419
Te-gl_0277.jpg,glioma,glioma,0.8860140442848206
Te-gl_0049.jpg,glioma,glioma,0.9999938011169434
Te-gl_0061.jpg,glioma,glioma,0.9999963045120239
Te-gl_0075.jpg,glioma,glioma,0.9999836683273315
Te-gl_0129.jpg,glioma,glioma,0.9999785423278809
Te-glTr_0006.jpg,glioma,glioma,0.9999862909317017
Te-gl_0115.jpg,glioma,glioma,0.9999946355819702
Te-gl_0101.jpg,glioma,glioma,0.9993577599525452
Te-gl_0100.jpg,glioma,glioma,0.9997243285179138
Te-gl_0114.jpg,glioma,glioma,0.9999812841415405
Te-glTr_0007.jpg,glioma,glioma,0.9999902248382568
Te-gl_0128.jpg,glioma,glioma,0.9999988079071045
Te-gl_0074.jpg,glioma,glioma,0.9999849796295166
Te-gl_0060.jpg,glioma,glioma,0.9999955892562866
Te-gl_0048.jpg,glioma,glioma,0.9999693632125854
Te-gl_0276.jpg,glioma,glioma,0.976620078086853
Te-gl_0262.jpg,glioma,glioma,0.9999905824661255
Te-gl_0289.jpg,glioma,glioma,0.999977707862854
Te-me_0304.jpg,meningioma,meningioma,0.9778883457183838
Te-me_0106.jpg,meningioma,meningioma,0.9853675961494446
Te-meTr_0004.jpg,meningioma,meningioma,0.9997660517692566
Te-me_0112.jpg,meningioma,meningioma,0.9907641410827637
Te-me_0099.jpg,meningioma,meningioma,1.0
Te-me_0072.jpg,meningioma,meningioma,0.9982422590255737
Te-me_0066.jpg,meningioma,meningioma,0.995962917804718
Te-me_0270.jpg,meningioma,meningioma,0.9995939135551453
Te-me_0264.jpg,meningioma,meningioma,0.9999986886978149
Te-me_0258.jpg,meningioma,meningioma,0.9996172189712524
Te-me_0259.jpg,meningioma,meningioma,0.9999942779541016
Te-me_0265.jpg,meningioma,meningioma,0.9196541905403137
Te-me_0271.jpg,meningioma,meningioma,0.9999779462814331
Te-me_0067.jpg,meningioma,meningioma,0.9995816349983215
Te-me_0073.jpg,meningioma,meningioma,0.9971707463264465
Te-me_0098.jpg,meningioma,meningioma,0.9999994039535522
Te-meTr_0005.jpg,meningioma,meningioma,0.9996641874313354
Te-me_0113.jpg,meningioma,meningioma,0.8933941125869751
Te-me_0107.jpg,meningioma,meningioma,0.9997677206993103
Te-me_0305.jpg,meningioma,meningioma,0.9874703288078308
Te-me_0111.jpg,meningioma,meningioma,0.9884240031242371
Te-meTr_0007.jpg,meningioma,meningioma,0.9997902512550354
Te-me_0105.jpg,meningioma,meningioma,0.9999994039535522
Te-me_0139.jpg,meningioma,meningioma,0.9996057152748108
Te-me_0065.jpg,meningioma,meningioma,0.8910447359085083
Te-me_0071.jpg,meningioma,meningioma,0.9971707463264465
Te-me_0059.jpg,meningioma,notumor,0.514625072479248
Te-me_0298.jpg,meningioma,meningioma,0.9966552257537842
Te-me_0267.jpg,meningioma,meningioma,0.9999442100524902
Te-me_0273.jpg,meningioma,meningioma,0.999969482421875
Te-me_0272.jpg,meningioma,meningioma,0.9979861974716187
Te-me_0266.jpg,meningioma,meningioma,0.9910167455673218
Te-me_0299.jpg,meningioma,meningioma,0.9465208053588867
Te-me_0058.jpg,meningioma,meningioma,0.9995527863502502
Te-me_0070.jpg,meningioma,meningioma,0.9971460700035095
Te-me_0064.jpg,meningioma,meningioma,0.9866684675216675
Te-me_0138.jpg,meningioma,meningioma,0.9983037710189819
Te-me_0104.jpg,meningioma,meningioma,0.9998399019241333
Te-me_0110.jpg,meningioma,pituitary,0.5247730016708374
Te-meTr_0006.jpg,meningioma,meningioma,0.9999970197677612
Te-me_0302.jpg,meningioma,meningioma,0.9999668598175049
Te-me_0128.jpg,meningioma,meningioma,0.9926069974899292
Te-meTr_0002.jpg,meningioma,meningioma,0.6914263367652893
Te-me_0114.jpg,meningioma,meningioma,0.9999816417694092
Te-me_0100.jpg,meningioma,meningioma,0.9985306262969971
Te-me_0048.jpg,meningioma,meningioma,0.6383827924728394
Te-me_0060.jpg,meningioma,meningioma,0.9996123909950256
Te-me_0074.jpg,meningioma,meningioma,1.0
Te-me_0289.jpg,meningioma,meningioma,0.9999005794525146
Te-me_0262.jpg,meningioma,meningioma,0.999930739402771
Te-me_0276.jpg,meningioma,meningioma,0.9996402263641357
Te-me_0277.jpg,meningioma,meningioma,0.9999961853027344
Te-me_0263.jpg,meningioma,meningioma,0.9999812841415405
Te-me_0288.jpg,meningioma,meningioma,0.9993457198143005
Te-me_0075.jpg,meningioma,meningioma,0.9998455047607422
Te-me_0061.jpg,meningioma,meningioma,0.9999969005584717
Te-me_0049.jpg,meningioma,meningioma,0.9989967942237854
Te-me_0101.jpg,meningioma,meningioma,1.0
Te-meTr_0003.jpg,meningioma,meningioma,0.9999858140945435
Te-me_0115.jpg,meningioma,meningioma,0.8075942397117615
Te-me_0129.jpg,meningioma,meningioma,0.9776613116264343
Te-me_0303.jpg,meningioma,meningioma,0.9997872710227966
Te-me_0301.jpg,meningioma,meningioma,0.9999403953552246
Te-me_0103.jpg,meningioma,meningioma,0.999891996383667
Te-me_0117.jpg,meningioma,meningioma,0.9693005681037903
Te-meTr_0001.jpg,meningioma,meningioma,0.9993271827697754
Te-me_0088.jpg,meningioma,meningioma,0.9999799728393555
Te-me_0077.jpg,meningioma,meningioma,0.9997287392616272
Te-me_0063.jpg,meningioma,meningioma,0.9998337030410767
Te-me_0249.jpg,meningioma,meningioma,0.9965769648551941
Te-me_0275.jpg,meningioma,meningioma,0.9999892711639404
Te-me_0261.jpg,meningioma,meningioma,0.9999706745147705
Te-me_0260.jpg,meningioma,meningioma,0.9963589310646057
Te-me_0274.jpg,meningioma,meningioma,0.9997701048851013
Te-me_0248.jpg,meningioma,meningioma,0.9996052384376526
Te-me_0062.jpg,meningioma,meningioma,0.9999196529388428
Te-me_0076.jpg,meningioma,meningioma,0.9999290704727173
Te-me_0089.jpg,meningioma,meningioma,0.999992847442627
Te-me_0116.jpg,meningioma,meningioma,0.9682116508483887
Te-meTr_0000.jpg,meningioma,meningioma,0.9746683835983276
Te-me_0102.jpg,meningioma,meningioma,0.995322048664093
Te-me_0300.jpg,meningioma,meningioma,0.9640922546386719
Te-me_0165.jpg,meningioma,meningioma,0.998190701007843
Te-me_0171.jpg,meningioma,meningioma,0.9740543961524963
Te-me_0159.jpg,meningioma,meningioma,0.9676992297172546
Te-me_0011.jpg,meningioma,meningioma,0.9996224641799927
Te-me_0039.jpg,meningioma,meningioma,0.9999958276748657
Te-me_0213.jpg,meningioma,meningioma,0.9986771941184998
Te-me_0207.jpg,meningioma,meningioma,0.8326117992401123
Te-me_0206.jpg,meningioma,meningioma,0.9998959302902222
Te-me_0212.jpg,meningioma,meningioma,0.9995730519294739
Te-me_0038.jpg,meningioma,meningioma,0.9999984502792358
Te-me_0010.jpg,meningioma,meningioma,0.9597302079200745
Te-me_0158.jpg,meningioma,meningioma,0.9999860525131226
Te-me_0170.jpg,meningioma,meningioma,0.9999593496322632
Te-me_0164.jpg,meningioma,meningioma,0.9747637510299683
Te-me_0199.jpg,meningioma,meningioma,0.9998192191123962
Te-me_0172.jpg,meningioma,meningioma,0.9999908208847046
Te-me_0166.jpg,meningioma,meningioma,0.9990082383155823
Te-me_0012.jpg,meningioma,meningioma,0.999997615814209
Te-me_0204.jpg,meningioma,meningioma,0.9999667406082153
Te-me_0210.jpg,meningioma,meningioma,0.9997566342353821
Te-me_0238.jpg,meningioma,meningioma,0.9942874312400818
Te-me_0239.jpg,meningioma,meningioma,0.9998859167098999
Te-me_0211.jpg,meningioma,meningioma,0.9960101842880249
Te-me_0205.jpg,meningioma,meningioma,0.9999374151229858
Te-me_0013.jpg,meningioma,meningioma,0.9997473359107971
Te-me_0167.jpg,meningioma,meningioma,0.9989529848098755
Te-me_0173.jpg,meningioma,meningioma,0.9999856948852539
Te-me_0198.jpg,meningioma,meningioma,0.9999892711639404
Te-me_0188.jpg,meningioma,meningioma,0.9998801946640015
Te-me_0177.jpg,meningioma,meningioma,0.9999786615371704
Te-me_0163.jpg,meningioma,meningioma,0.8314055800437927
Te-me_0017.jpg,meningioma,meningioma,0.9997623562812805
Te-me_0229.jpg,meningioma,meningioma,0.9968736171722412
Te-me_0201.jpg,meningioma,meningioma,0.9988962411880493
Te-me_0215.jpg,meningioma,meningioma,0.999968409538269
Te-me_0214.jpg,meningioma,meningioma,0.9996362924575806
Te-me_0200.jpg,meningioma,meningioma,0.9997499585151672
Te-me_0228.jpg,meningioma,meningioma,0.9999599456787109
Te-me_0016.jpg,meningioma,meningioma,0.9999916553497314
Te-me_0162.jpg,meningioma,meningioma,0.9998694658279419
Te-me_0176.jpg,meningioma,meningioma,0.9872704744338989
Te-me_0189.jpg,meningioma,meningioma,0.9998776912689209
Te-me_0148.jpg,meningioma,meningioma,0.5435686707496643
Te-me_0160.jpg,meningioma,meningioma,0.9999749660491943
Te-me_0174.jpg,meningioma,meningioma,0.9997085928916931
Te-me_0028.jpg,meningioma,meningioma,0.99994957447052
Te-me_0014.jpg,meningioma,meningioma,0.9999477863311768
Te-me_0216.jpg,meningioma,meningioma,0.9996991157531738
Te-me_0202.jpg,meningioma,meningioma,0.9874863624572754
Te-me_0203.jpg,meningioma,meningioma,0.9999932050704956
Te-me_0217.jpg,meningioma,meningioma,0.9999881982803345
Te-me_0015.jpg,meningioma,meningioma,0.9999771118164062
Te-me_0029.jpg,meningioma,meningioma,0.9991915822029114
Te-me_0175.jpg,meningioma,meningioma,0.9874529242515564
Te-me_0161.jpg,meningioma,meningioma,0.9999858140945435
Te-me_0149.jpg,meningioma,meningioma,0.9982485771179199
Te-me_0187.jpg,meningioma,meningioma,0.8876410126686096
Te-me_0193.jpg,meningioma,pituitary,0.9045379161834717
Te-me_0144.jpg,meningioma,meningioma,0.9994986057281494
Te-me_0150.jpg,meningioma,meningioma,0.9947482943534851
Te-me_0178.jpg,meningioma,meningioma,0.6941596865653992
Te-me_0030.jpg,meningioma,meningioma,0.999729573726654
Te-me_0024.jpg,meningioma,meningioma,0.9954739212989807
Te-me_0018.jpg,meningioma,meningioma,0.928037166595459
Te-me_0232.jpg,meningioma,meningioma,0.9997877478599548
Te-me_0226.jpg,meningioma,meningioma,0.9999281167984009
Te-me_0227.jpg,meningioma,meningioma,0.9999716281890869
Te-me_0233.jpg,meningioma,meningioma,0.9984421133995056
Te-me_0019.jpg,meningioma,meningioma,0.9574300646781921
Te-me_0025.jpg,meningioma,meningioma,0.9996808767318726
Te-me_0031.jpg,meningioma,meningioma,0.9597302079200745
Te-me_0179.jpg,meningioma,meningioma,0.9390082955360413
Te-me_0151.jpg,meningioma,meningioma,0.9998382329940796
Te-me_0145.jpg,meningioma,pituitary,0.5247730016708374
Te-me_0192.jpg,meningioma,meningioma,0.9999909400939941
Te-me_0186.jpg,meningioma,meningioma,0.9999321699142456
Te-me_0190.jpg,meningioma,meningioma,0.9942635893821716
Te-me_0184.jpg,meningioma,meningioma,0.9963433146476746
Te-me_0153.jpg,meningioma,meningioma,0.9997147917747498
Te-me_0147.jpg,meningioma,meningioma,0.9997687935829163
Te-me_0027.jpg,meningioma,meningioma,0.9994742274284363
Te-me_0033.jpg,meningioma,meningioma,0.9839986562728882
Te-me_0225.jpg,meningioma,meningioma,0.9906100630760193
Te-me_0231.jpg,meningioma,meningioma,0.9910047054290771
Te-me_0219.jpg,meningioma,meningioma,0.999998927116394
Te-me_0218.jpg,meningioma,meningioma,0.9994741082191467
Te-me_0230.jpg,meningioma,meningioma,0.8274518847465515
Te-me_0224.jpg,meningioma,meningioma,0.9969237446784973
Te-me_0032.jpg,meningioma,meningioma,0.9959729313850403
Te-me_0026.jpg,meningioma,meningioma,0.9965936541557312
Te-me_0146.jpg,meningioma,meningioma,0.9952211976051331
Te-me_0152.jpg,meningioma,meningioma,0.9999849796295166
Te-me_0185.jpg,meningioma,meningioma,0.9826142191886902
Te-me_0191.jpg,meningioma,meningioma,0.9999758005142212
Te-me_0195.jpg,meningioma,meningioma,0.9999960660934448
Te-me_0181.jpg,meningioma,meningioma,0.9998475313186646
Te-me_0156.jpg,meningioma,meningioma,0.9804423451423645
Te-me_0142.jpg,meningioma,meningioma,0.9999527931213379
Te-me_0022.jpg,meningioma,meningioma,0.9982971549034119
Te-me_0036.jpg,meningioma,meningioma,0.999944806098938
Te-me_0208.jpg,meningioma,meningioma,0.9997990727424622
Te-me_0220.jpg,meningioma,meningioma,0.9999511241912842
Te-me_0234.jpg,meningioma,meningioma,0.9999535083770752
Te-me_0235.jpg,meningioma,meningioma,0.9999877214431763
Te-me_0221.jpg,meningioma,meningioma,0.999915361404419
Te-me_0209.jpg,meningioma,meningioma,0.9999630451202393
Te-me_0037.jpg,meningioma,meningioma,0.9533138275146484
Te-me_0023.jpg,meningioma,meningioma,0.9996228218078613
Te-me_0143.jpg,meningioma,meningioma,0.9853675961494446
Te-me_0157.jpg,meningioma,meningioma,0.99662846326828
Te-me_0180.jpg,meningioma,meningioma,0.9999951124191284
Te-me_0194.jpg,meningioma,meningioma,0.9972820281982422
Te-me_0182.jpg,meningioma,meningioma,0.9995044469833374
Te-me_0196.jpg,meningioma,meningioma,0.9965419173240662
Te-me_0169.jpg,meningioma,meningioma,0.9999561309814453
Te-me_0141.jpg,meningioma,meningioma,0.967369019985199
Te-me_0155.jpg,meningioma,meningioma,0.9998981952667236
Te-me_0035.jpg,meningioma,meningioma,0.9999945163726807
Te-me_0021.jpg,meningioma,meningioma,0.9993945360183716
Te-me_0237.jpg,meningioma,meningioma,0.9998181462287903
Te-me_0223.jpg,meningioma,meningioma,0.9995785355567932
Te-me_0222.jpg,meningioma,meningioma,0.9995070695877075
Te-me_0236.jpg,meningioma,meningioma,0.9983810186386108
Te-me_0020.jpg,meningioma,meningioma,0.9999128580093384
Te-me_0034.jpg,meningioma,meningioma,0.99826580286026
Te-me_0154.jpg,meningioma,meningioma,0.9997518658638
Te-me_0140.jpg,meningioma,meningioma,0.6914263367652893
Te-me_0168.jpg,meningioma,meningioma,0.9994613528251648
Te-me_0197.jpg,meningioma,meningioma,0.9999854564666748
Te-me_0183.jpg,meningioma,meningioma,0.9999954700469971
Te-me_0127.jpg,meningioma,meningioma,0.9999498128890991
Te-me_0133.jpg,meningioma,meningioma,0.999882698059082
Te-me_0090.jpg,meningioma,meningioma,0.9998416900634766
Te-me_0084.jpg,meningioma,meningioma,0.9948641657829285
Te-me_0053.jpg,meningioma,meningioma,0.9963095784187317
Te-me_0047.jpg,meningioma,meningioma,0.9998853206634521
Te-me_0292.jpg,meningioma,pituitary,0.9681217074394226
Te-me_0286.jpg,meningioma,meningioma,0.9919679760932922
Te-me_0251.jpg,meningioma,meningioma,0.9999138116836548
Te-me_0245.jpg,meningioma,meningioma,0.9999978542327881
Te-me_0279.jpg,meningioma,meningioma,0.9997983574867249
Te-me_0278.jpg,meningioma,meningioma,0.9999947547912598
Te-me_0244.jpg,meningioma,meningioma,0.9996988773345947
Te-me_0250.jpg,meningioma,meningioma,0.9993981122970581
Te-me_0287.jpg,meningioma,meningioma,0.945047914981842
Te-me_0293.jpg,meningioma,meningioma,0.9943891167640686
Te-me_0046.jpg,meningioma,meningioma,0.9999995231628418
Te-me_0052.jpg,meningioma,meningioma,0.9964843988418579
Te-me_0085.jpg,meningioma,meningioma,0.9995703101158142
Te-me_0091.jpg,meningioma,meningioma,0.9999924898147583
Te-me_0132.jpg,meningioma,meningioma,0.9990915060043335
Te-me_0126.jpg,meningioma,meningioma,0.9999691247940063
Te-me_0130.jpg,meningioma,meningioma,0.9677261114120483
Te-me_0124.jpg,meningioma,meningioma,0.9940891265869141
Te-me_0118.jpg,meningioma,meningioma,0.6197823882102966
Te-me_0087.jpg,meningioma,meningioma,0.9953652620315552
Te-me_0093.jpg,meningioma,meningioma,0.9987213015556335
Te-me_0044.jpg,meningioma,meningioma,0.99991774559021
Te-me_0050.jpg,meningioma,meningioma,0.9926570057868958
Te-me_0078.jpg,meningioma,meningioma,0.9999983310699463
Te-me_0285.jpg,meningioma,meningioma,0.9998853206634521
Te-me_0291.jpg,meningioma,meningioma,0.9999192953109741
Te-me_0246.jpg,meningioma,meningioma,0.9989669322967529
Te-me_0252.jpg,meningioma,meningioma,0.9995644688606262
Te-me_0253.jpg,meningioma,meningioma,0.9910584092140198
Te-me_0247.jpg,meningioma,meningioma,0.999562680721283
Te-me_0290.jpg,meningioma,meningioma,0.9876313805580139
Te-me_0284.jpg,meningioma,meningioma,0.9991808533668518
Te-me_0079.jpg,meningioma,meningioma,0.9890140891075134
Te-me_0051.jpg,meningioma,meningioma,0.9930593967437744
Te-me_0045.jpg,meningioma,meningioma,0.999984860420227
Te-me_0092.jpg,meningioma,meningioma,0.9967532753944397
Te-me_0086.jpg,meningioma,meningioma,0.999980092048645
Te-me_0119.jpg,meningioma,meningioma,0.9984965324401855
Te-me_0125.jpg,meningioma,meningioma,0.9988993406295776
Te-me_0131.jpg,meningioma,meningioma,0.8471326231956482
Te-me_0109.jpg,meningioma,meningioma,0.9999840259552002
Te-me_0135.jpg,meningioma,meningioma,0.9932025074958801
Te-me_0121.jpg,meningioma,meningioma,0.9188199043273926
Te-me_0082.jpg,meningioma,meningioma,0.9999850988388062
Te-me_0096.jpg,meningioma,meningioma,0.9992576241493225
Te-me_0069.jpg,meningioma,meningioma,0.9915674328804016
Te-me_0041.jpg,meningioma,meningioma,0.9999881982803345
Te-me_0055.jpg,meningioma,meningioma,0.9999868869781494
Te-me_0280.jpg,meningioma,meningioma,0.999749481678009
Te-me_0294.jpg,meningioma,meningioma,0.9679742455482483
Te-me_0243.jpg,meningioma,meningioma,0.99599289894104
Te-me_0257.jpg,meningioma,meningioma,0.9999676942825317
Te-me_0256.jpg,meningioma,meningioma,0.9983204007148743
Te-me_0242.jpg,meningioma,meningioma,0.9998584985733032
Te-me_0295.jpg,meningioma,meningioma,0.9884621500968933
Te-me_0281.jpg,meningioma,meningioma,0.9998531341552734
Te-me_0054.jpg,meningioma,meningioma,0.9999902248382568
Te-me_0040.jpg,meningioma,meningioma,0.9999967813491821
Te-me_0068.jpg,meningioma,meningioma,0.9957347512245178
Te-me_0097.jpg,meningioma,meningioma,0.9322418570518494
Te-me_0083.jpg,meningioma,meningioma,0.9913530945777893
Te-me_0120.jpg,meningioma,meningioma,0.9488189816474915
Te-me_0134.jpg,meningioma,meningioma,0.9927564263343811
Te-me_0108.jpg,meningioma,meningioma,0.9965271353721619
Te-meTr_0008.jpg,meningioma,meningioma,0.9999967813491821
Te-me_0122.jpg,meningioma,meningioma,0.9723849296569824
Te-me_0136.jpg,meningioma,meningioma,0.8356107473373413
Te-me_0095.jpg,meningioma,meningioma,0.999193012714386
Te-me_0081.jpg,meningioma,meningioma,0.99985671043396
Te-me_0056.jpg,meningioma,meningioma,0.9947905540466309
Te-me_0042.jpg,meningioma,meningioma,0.9999901056289673
Te-me_0297.jpg,meningioma,meningioma,0.5972272753715515
Te-me_0283.jpg,meningioma,meningioma,0.9981890320777893
Te-me_0268.jpg,meningioma,meningioma,0.9990713596343994
Te-me_0254.jpg,meningioma,meningioma,0.9796978235244751
Te-me_0240.jpg,meningioma,meningioma,0.9999973773956299
Te-me_0241.jpg,meningioma,meningioma,0.9970916509628296
Te-me_0255.jpg,meningioma,meningioma,0.9998149275779724
Te-me_0269.jpg,meningioma,meningioma,0.9857343435287476
Te-me_0282.jpg,meningioma,meningioma,0.9999521970748901
Te-me_0296.jpg,meningioma,meningioma,0.9276604652404785
Te-me_0043.jpg,meningioma,meningioma,0.999980092048645
Te-me_0057.jpg,meningioma,meningioma,0.9999462366104126
Te-me_0080.jpg,meningioma,meningioma,0.9969305396080017
Te-me_0094.jpg,meningioma,meningioma,0.99996018409729
Te-me_0137.jpg,meningioma,meningioma,0.9971911311149597
Te-me_0123.jpg,meningioma,meningioma,0.9959062337875366
Te-meTr_0009.jpg,meningioma,meningioma,0.9999992847442627
Te-no_0051.jpg,notumor,notumor,0.9998512268066406
Te-no_0045.jpg,notumor,notumor,0.9995942711830139
Te-no_0079.jpg,notumor,notumor,0.9918125867843628
Te-no_0092.jpg,notumor,notumor,0.9988866448402405
Te-no_0086.jpg,notumor,notumor,0.9990440011024475
Te-no_0253.jpg,notumor,notumor,0.9993281364440918
Te-no_0247.jpg,notumor,notumor,0.9998854398727417
Te-no_0290.jpg,notumor,notumor,0.9999871253967285
Te-no_0284.jpg,notumor,notumor,0.9999942779541016
Te-no_0327.jpg,notumor,notumor,0.9999938011169434
Te-no_0333.jpg,notumor,notumor,0.9999954700469971
Te-noTr_0007.jpg,notumor,notumor,0.9994381070137024
Te-no_0125.jpg,notumor,notumor,0.9990523457527161
Te-no_0131.jpg,notumor,notumor,0.999757707118988
Te-no_0119.jpg,notumor,notumor,0.9999607801437378
Te-no_0118.jpg,notumor,notumor,0.9999325275421143
Te-no_0130.jpg,notumor,notumor,0.9999817609786987
Te-no_0124.jpg,notumor,notumor,0.9999889135360718
Te-noTr_0006.jpg,notumor,notumor,0.9948999285697937
Te-no_0332.jpg,notumor,notumor,0.9999949932098389
Te-no_0326.jpg,notumor,notumor,0.9999996423721313
Te-no_0285.jpg,notumor,notumor,0.9999995231628418
Te-no_0291.jpg,notumor,notumor,0.9999939203262329
Te-no_0246.jpg,notumor,notumor,0.9999915361404419
Te-no_0252.jpg,notumor,notumor,0.9999637603759766
Te-no_0087.jpg,notumor,notumor,0.9999630451202393
Te-no_0093.jpg,notumor,notumor,0.9999556541442871
Te-no_0078.jpg,notumor,notumor,0.999686598777771
Te-no_0044.jpg,notumor,notumor,0.9999823570251465
Te-no_0050.jpg,notumor,notumor,0.9995942711830139
Te-no_0046.jpg,notumor,notumor,0.9997743964195251
Te-no_0052.jpg,notumor,notumor,0.999998927116394
Te-no_0085.jpg,notumor,notumor,0.9953613877296448
Te-no_0091.jpg,notumor,notumor,0.9999079704284668
Te-no_0244.jpg,notumor,notumor,0.9999990463256836
Te-no_0250.jpg,notumor,notumor,0.9999901056289673
Te-no_0278.jpg,notumor,notumor,1.0
Te-no_0287.jpg,notumor,notumor,0.9998915195465088
Te-no_0293.jpg,notumor,notumor,0.9999966621398926
Te-no_0330.jpg,notumor,notumor,0.9999712705612183
Te-no_0324.jpg,notumor,notumor,0.9999614953994751
Te-no_0318.jpg,notumor,notumor,0.9998224377632141
Te-noTr_0004.jpg,notumor,notumor,0.999699592590332
Te-no_0132.jpg,notumor,notumor,0.9999737739562988
Te-no_0126.jpg,notumor,notumor,0.9993537068367004
Te-no_0127.jpg,notumor,notumor,0.9996001124382019
Te-no_0133.jpg,notumor,notumor,0.9998278617858887
Te-noTr_0005.jpg,notumor,notumor,0.997018575668335
Te-no_0319.jpg,notumor,notumor,0.9999796152114868
Te-no_0325.jpg,notumor,notumor,0.9998262524604797
Te-no_0331.jpg,notumor,notumor,0.9999890327453613
Te-no_0292.jpg,notumor,notumor,0.9999972581863403
Te-no_0286.jpg,notumor,notumor,0.9999798536300659
Te-no_0279.jpg,notumor,notumor,0.9999973773956299
Te-no_0251.jpg,notumor,notumor,0.9999706745147705
Te-no_0245.jpg,notumor,notumor,0.9999920129776001
Te-no_0090.jpg,notumor,notumor,0.9242068529129028
Te-no_0084.jpg,notumor,notumor,0.9999651908874512
Te-no_0053.jpg,notumor,notumor,0.9999630451202393
Te-no_0047.jpg,notumor,notumor,0.9999769926071167
Te-no_0043.jpg,notumor,notumor,0.9999746084213257
Te-no_0057.jpg,notumor,notumor,0.9989499449729919
Te-no_0080.jpg,notumor,notumor,0.9998363256454468
Te-no_0094.jpg,notumor,notumor,0.998956561088562
Te-no_0269.jpg,notumor,notumor,0.9999297857284546
Te-no_0241.jpg,notumor,notumor,0.9999521970748901
Te-no_0255.jpg,notumor,notumor,0.999982476234436
Te-no_0282.jpg,notumor,notumor,0.9999988079071045
Te-no_0296.jpg,notumor,notumor,0.9998125433921814
Te-no_0309.jpg,notumor,notumor,0.9999476671218872
Te-no_0335.jpg,notumor,notumor,0.999998927116394
Te-no_0321.jpg,notumor,notumor,0.999992847442627
Te-noTr_0001.jpg,notumor,notumor,0.9999651908874512
Te-no_0137.jpg,notumor,notumor,0.999506950378418
Te-no_0123.jpg,notumor,notumor,0.9998262524604797
Te-no_0122.jpg,notumor,notumor,0.9998013377189636
Te-no_0136.jpg,notumor,notumor,0.9999768733978271
Te-noTr_0000.jpg,notumor,notumor,0.9996390342712402
Te-no_0320.jpg,notumor,notumor,0.9996256828308105
Te-no_0334.jpg,notumor,notumor,0.9999932050704956
Te-no_0308.jpg,notumor,notumor,0.9999189376831055
Te-no_0297.jpg,notumor,notumor,0.9999208450317383
Te-no_0283.jpg,notumor,notumor,0.999991774559021
Te-no_0254.jpg,notumor,notumor,0.9999029636383057
Te-no_0240.jpg,notumor,notumor,0.9999836683273315
Te-no_0268.jpg,notumor,notumor,0.9999465942382812
Te-no_0095.jpg,notumor,notumor,0.9985314607620239
Te-no_0081.jpg,notumor,notumor,0.9994754195213318
Te-no_0056.jpg,notumor,notumor,0.9999493360519409
Te-no_0042.jpg,notumor,notumor,0.9995695948600769
Te-no_0068.jpg,notumor,notumor,0.9999630451202393
Te-no_0054.jpg,notumor,notumor,0.9995942711830139
Te-no_0040.jpg,notumor,notumor,0.999998927116394
Te-no_0097.jpg,notumor,notumor,0.9975263476371765
Te-no_0083.jpg,notumor,notumor,0.9999556541442871
Te-no_0256.jpg,notumor,notumor,0.9999858140945435
Te-no_0242.jpg,notumor,notumor,0.9999821186065674
Te-no_0295.jpg,notumor,notumor,0.9999878406524658
Te-no_0281.jpg,notumor,notumor,0.9999920129776001
Te-no_0322.jpg,notumor,notumor,0.9999967813491821
Te-no_0336.jpg,notumor,notumor,0.9999687671661377
Te-noTr_0002.jpg,notumor,notumor,0.9999942779541016
Te-no_0108.jpg,notumor,notumor,0.9998310804367065
Te-no_0120.jpg,notumor,notumor,0.9999816417694092
Te-no_0134.jpg,notumor,notumor,0.9999885559082031
Te-no_0135.jpg,notumor,notumor,0.9998555183410645
Te-no_0121.jpg,notumor,notumor,0.9992456436157227
Te-no_0109.jpg,notumor,notumor,0.9999916553497314
Te-noTr_0003.jpg,notumor,notumor,0.9988068342208862
Te-no_0337.jpg,notumor,notumor,0.9999923706054688
Te-no_0323.jpg,notumor,notumor,0.9998295307159424
Te-no_0280.jpg,notumor,notumor,0.9999972581863403
Te-no_0294.jpg,notumor,notumor,0.9999830722808838
Te-no_0243.jpg,notumor,notumor,0.9999963045120239
Te-no_0257.jpg,notumor,notumor,0.9999940395355225
Te-no_0082.jpg,notumor,notumor,0.9999229907989502
Te-no_0096.jpg,notumor,notumor,0.9991864562034607
Te-no_0041.jpg,notumor,notumor,0.9999823570251465
Te-no_0055.jpg,notumor,notumor,0.9999823570251465
Te-no_0069.jpg,notumor,notumor,0.9987425208091736
Te-no_0032.jpg,notumor,notumor,0.9964851140975952
Te-no_0026.jpg,notumor,notumor,0.9997009038925171
Te-no_0230.jpg,notumor,notumor,0.9999598264694214
Te-no_0224.jpg,notumor,notumor,0.9999914169311523
Te-no_0218.jpg,notumor,notumor,0.9998880624771118
Te-no_0344.jpg,notumor,notumor,0.999756395816803
Te-no_0350.jpg,notumor,notumor,0.9999735355377197
Te-no_0378.jpg,notumor,notumor,0.9995567202568054
Te-no_0387.jpg,notumor,notumor,0.9999223947525024
Te-no_0393.jpg,notumor,notumor,0.9999953508377075
Te-no_0146.jpg,notumor,notumor,0.9999769926071167
Te-no_0152.jpg,notumor,notumor,0.9999978542327881
Te-no_0185.jpg,notumor,notumor,1.0
Te-no_0191.jpg,notumor,notumor,0.999645471572876
Te-no_0190.jpg,notumor,notumor,0.9999450445175171
Te-no_0184.jpg,notumor,notumor,0.9999984502792358
Te-no_0153.jpg,notumor,notumor,0.9999891519546509
Te-no_0147.jpg,notumor,notumor,0.9992382526397705
Te-no_0392.jpg,notumor,notumor,0.9999748468399048
Te-no_0386.jpg,notumor,notumor,0.9999597072601318
Te-no_0379.jpg,notumor,notumor,0.9999866485595703
Te-no_0351.jpg,notumor,notumor,0.9999815225601196
Te-no_0345.jpg,notumor,notumor,0.9999096393585205
Te-no_0219.jpg,notumor,notumor,0.9993553757667542
Te-no_0225.jpg,notumor,notumor,0.995996356010437
Te-no_0231.jpg,notumor,notumor,0.999948263168335
Te-no_0027.jpg,notumor,notumor,0.9981246590614319
Te-no_0033.jpg,notumor,notumor,0.9985670447349548
Te-no_0025.jpg,notumor,notumor,0.9999446868896484
Te-no_0031.jpg,notumor,notumor,0.9999651908874512
Te-no_0019.jpg,notumor,notumor,0.9999454021453857
Te-no_0227.jpg,notumor,notumor,0.9998297691345215
Te-no_0233.jpg,notumor,notumor,0.9999936819076538
Te-no_0353.jpg,notumor,notumor,0.9999929666519165
Te-no_0347.jpg,notumor,notumor,0.999808132648468
Te-no_0390.jpg,notumor,notumor,0.9999405145645142
Te-no_0384.jpg,notumor,notumor,0.9999665021896362
Te-no_0151.jpg,notumor,notumor,0.9999983310699463
Te-no_0145.jpg,notumor,notumor,0.99997878074646
Te-no_0179.jpg,notumor,notumor,0.9999997615814209
Te-no_0192.jpg,notumor,notumor,0.9999878406524658
Te-no_0186.jpg,notumor,notumor,0.9997946619987488
Te-no_0187.jpg,notumor,notumor,0.9999974966049194
Te-no_0193.jpg,notumor,notumor,0.9999804496765137
Te-no_0178.jpg,notumor,notumor,0.999678373336792
Te-no_0144.jpg,notumor,notumor,0.9999997615814209
Te-no_0150.jpg,notumor,notumor,0.999891996383667
Te-no_0385.jpg,notumor,notumor,0.9999884366989136
Te-no_0391.jpg,notumor,notumor,0.9997270703315735
Te-no_0346.jpg,notumor,notumor,0.9997316002845764
Te-no_0352.jpg,notumor,notumor,0.9999918937683105
Te-no_0232.jpg,notumor,notumor,0.9999871253967285
Te-no_0226.jpg,notumor,notumor,0.9844010472297668
Te-no_0018.jpg,notumor,notumor,0.9996114373207092
Te-no_0030.jpg,notumor,notumor,0.9998455047607422
Te-no_0024.jpg,notumor,notumor,0.9946087598800659
Te-no_0020.jpg,notumor,notumor,0.9997017979621887
Te-no_0034.jpg,notumor,notumor,0.999298095703125
Te-no_0222.jpg,notumor,notumor,0.999440610408783
Te-no_0236.jpg,notumor,notumor,0.9996223449707031
Te-no_0356.jpg,notumor,notumor,0.9990450739860535
Te-no_0342.jpg,notumor,notumor,0.9999638795852661
Te-no_0395.jpg,notumor,notumor,0.9999985694885254
Te-no_0381.jpg,notumor,notumor,0.9999927282333374
Te-no_0168.jpg,notumor,notumor,0.9998291730880737
Te-no_0154.jpg,notumor,notumor,0.9999667406082153
Te-no_0140.jpg,notumor,notumor,0.9997949004173279
Te-no_0197.jpg,notumor,notumor,0.9999998807907104
Te-no_0183.jpg,notumor,notumor,0.9999483823776245
Te-no_0182.jpg,notumor,notumor,0.9998772144317627
Te-no_0196.jpg,notumor,notumor,0.999699592590332
Te-no_0141.jpg,notumor,notumor,0.9999946355819702
Te-no_0155.jpg,notumor,notumor,0.9998462200164795
Te-no_0169.jpg,notumor,notumor,0.9999959468841553
Te-no_0380.jpg,notumor,notumor,0.9998102784156799
Te-no_0394.jpg,notumor,notumor,0.9998416900634766
Te-no_0343.jpg,notumor,notumor,0.9990420937538147
Te-no_0357.jpg,notumor,notumor,0.9999740123748779
Te-no_0237.jpg,notumor,notumor,0.9998770952224731
Te-no_0223.jpg,notumor,notumor,0.9999388456344604
Te-no_0035.jpg,notumor,notumor,0.9994754195213318
Te-no_0021.jpg,notumor,notumor,0.9999269247055054
Te-no_0037.jpg,notumor,notumor,0.9998043179512024
Te-no_0023.jpg,notumor,notumor,0.9991034865379333
Te-no_0209.jpg,notumor,notumor,0.9998400211334229
Te-no_0235.jpg,notumor,notumor,0.9999963045120239
Te-no_0221.jpg,notumor,notumor,0.9999946355819702
Te-no_0369.jpg,notumor,notumor,0.9999953508377075
Te-no_0341.jpg,notumor,notumor,0.9997512698173523
Te-no_0355.jpg,notumor,notumor,0.9999990463256836
Te-no_0382.jpg,notumor,notumor,0.9999197721481323
Te-no_0396.jpg,notumor,notumor,0.9999942779541016
Te-no_0143.jpg,notumor,notumor,0.9999995231628418
Te-no_0157.jpg,notumor,notumor,0.9999916553497314
Te-no_0180.jpg,notumor,notumor,0.9999929666519165
Te-no_0194.jpg,notumor,notumor,0.9999359846115112
Te-no_0195.jpg,notumor,notumor,0.9999998807907104
Te-no_0181.jpg,notumor,notumor,0.9999889135360718
Te-no_0156.jpg,notumor,notumor,0.998840868473053
Te-no_0142.jpg,notumor,notumor,0.9999926090240479
Te-no_0397.jpg,notumor,notumor,0.9999912977218628
Te-no_0383.jpg,notumor,notumor,0.9999657869338989
Te-no_0354.jpg,notumor,notumor,0.999544084072113
Te-no_0340.jpg,notumor,notumor,0.9999995231628418
Te-no_0368.jpg,notumor,notumor,0.9999629259109497
Te-no_0220.jpg,notumor,notumor,0.9998698234558105
Te-no_0234.jpg,notumor,notumor,0.9999748468399048
Te-no_0208.jpg,notumor,notumor,0.9997503161430359
Te-no_0022.jpg,notumor,notumor,0.9953494668006897
Te-no_0036.jpg,notumor,notumor,0.9999649524688721
Te-no_0013.jpg,notumor,notumor,0.9994578957557678
Te-no_0211.jpg,notumor,notumor,0.9998928308486938
Te-no_0205.jpg,notumor,notumor,0.9999803304672241
Te-no_0239.jpg,notumor,notumor,0.9999951124191284
Te-no_0365.jpg,notumor,notumor,0.9999892711639404
Te-no_0403.jpg,notumor,notumor,0.9999924898147583
Te-no_0371.jpg,notumor,notumor,0.999964714050293
Te-no_0359.jpg,notumor,notumor,0.9997518658638
Te-no_0167.jpg,notumor,notumor,0.9999951124191284
Te-no_0173.jpg,notumor,notumor,0.9999874830245972
Te-no_0198.jpg,notumor,notumor,0.9999972581863403
Te-no_0199.jpg,notumor,notumor,0.9999860525131226
Te-no_0172.jpg,notumor,notumor,0.9999874830245972
Te-no_0166.jpg,notumor,notumor,0.9999841451644897
Te-no_0358.jpg,notumor,notumor,0.9999611377716064
Te-no_0370.jpg,notumor,notumor,0.9999630451202393
Te-no_0364.jpg,notumor,notumor,0.9999157190322876
Te-no_0402.jpg,notumor,notumor,0.9999700784683228
Te-no_0238.jpg,notumor,notumor,0.9995439648628235
Te-no_0204.jpg,notumor,notumor,0.9999141693115234
Te-no_0210.jpg,notumor,notumor,0.9998094439506531
Te-no_0012.jpg,notumor,notumor,0.9999823570251465
Te-no_0010.jpg,notumor,notumor,0.9992659687995911
Te-no_0038.jpg,notumor,notumor,0.9997215867042542
Te-no_0206.jpg,notumor,notumor,0.9998555183410645
Te-no_0212.jpg,notumor,notumor,0.9999996423721313
Te-no_0372.jpg,notumor,notumor,0.9999995231628418
Te-no_0400.jpg,notumor,notumor,0.9999393224716187
Te-no_0366.jpg,notumor,notumor,0.9999682903289795
Te-no_0399.jpg,notumor,notumor,0.9999635219573975
Te-no_0170.jpg,notumor,notumor,0.9999163150787354
Te-no_0164.jpg,notumor,notumor,0.9994291663169861
Te-no_0158.jpg,notumor,notumor,1.0
Te-no_0159.jpg,notumor,notumor,0.9999822378158569
Te-no_0165.jpg,notumor,notumor,0.9998216032981873
Te-no_0171.jpg,notumor,notumor,0.9999485015869141
Te-no_0398.jpg,notumor,notumor,0.9999923706054688
Te-no_0401.jpg,notumor,notumor,0.9998354911804199
Te-no_0367.jpg,notumor,notumor,0.9999963045120239
Te-no_0373.jpg,notumor,notumor,0.9999988079071045
Te-no_0213.jpg,notumor,notumor,0.9999569654464722
Te-no_0207.jpg,notumor,notumor,0.9999970197677612
Te-no_0039.jpg,notumor,notumor,0.9999845027923584
Te-no_0011.jpg,notumor,notumor,0.9999630451202393
Te-no_0029.jpg,notumor,notumor,0.9987425208091736
Te-no_0015.jpg,notumor,notumor,0.9991975426673889
Te-no_0203.jpg,notumor,notumor,0.9997914433479309
Te-no_0217.jpg,notumor,notumor,0.9999997615814209
Te-no_0377.jpg,notumor,notumor,0.999984860420227
Te-no_0363.jpg,notumor,notumor,0.9999252557754517
Te-no_0388.jpg,notumor,notumor,0.9998636245727539
Te-no_0149.jpg,notumor,notumor,0.9995750784873962
Te-no_0175.jpg,notumor,notumor,0.9998607635498047
Te-no_0161.jpg,notumor,notumor,0.9999910593032837
Te-no_0160.jpg,notumor,notumor,0.9999984502792358
Te-no_0174.jpg,notumor,notumor,0.9998646974563599
Te-no_0148.jpg,notumor,notumor,0.9999589920043945
Te-no_0389.jpg,notumor,notumor,0.9985681772232056
Te-no_0362.jpg,notumor,notumor,0.999477207660675
Te-no_0404.jpg,notumor,notumor,0.9999892711639404
Te-no_0376.jpg,notumor,notumor,0.9999929666519165
Te-no_0216.jpg,notumor,notumor,0.9999338388442993
Te-no_0202.jpg,notumor,notumor,0.9999958276748657
Te-no_0014.jpg,notumor,notumor,0.9995362758636475
Te-no_0028.jpg,notumor,notumor,0.9992364645004272
Te-no_0016.jpg,notumor,notumor,0.9999955892562866
Te-no_0228.jpg,notumor,notumor,0.9999845027923584
Te-no_0214.jpg,notumor,notumor,0.9982931017875671
Te-no_0200.jpg,notumor,notumor,0.9999867677688599
Te-no_0348.jpg,notumor,notumor,0.9999701976776123
Te-no_0360.jpg,notumor,notumor,0.9997294545173645
Te-no_0374.jpg,notumor,notumor,0.9999997615814209
Te-no_0162.jpg,notumor,notumor,0.9998990297317505
Te-no_0176.jpg,notumor,notumor,0.9999818801879883
Te-no_0189.jpg,notumor,notumor,0.9999992847442627
Te-no_0188.jpg,notumor,notumor,0.9999887943267822
Te-no_0177.jpg,notumor,notumor,0.9999821186065674
Te-no_0163.jpg,notumor,notumor,0.9999756813049316
Te-no_0375.jpg,notumor,notumor,0.9999361038208008
Te-no_0361.jpg,notumor,notumor,0.9999966621398926
Te-no_0349.jpg,notumor,notumor,0.9999382495880127
Te-no_0201.jpg,notumor,notumor,0.9999239444732666
Te-no_0215.jpg,notumor,notumor,0.9998892545700073
Te-no_0229.jpg,notumor,notumor,0.9999828338623047
Te-no_0017.jpg,notumor,notumor,0.998702883720398
Te-no_0070.jpg,notumor,notumor,0.9996114373207092
Te-no_0064.jpg,notumor,notumor,0.9998031258583069
Te-no_0058.jpg,notumor,notumor,0.9998981952667236
Te-no_0272.jpg,notumor,notumor,0.9999434947967529
Te-no_0266.jpg,notumor,notumor,0.999850869178772
Te-no_0299.jpg,notumor,notumor,0.9997994303703308
Te-no_0306.jpg,notumor,notumor,0.9998002648353577
Te-no_0312.jpg,notumor,notumor,0.9999969005584717
Te-no_0104.jpg,notumor,notumor,0.9784706830978394
Te-no_0110.jpg,notumor,notumor,0.9999698400497437
Te-no_0138.jpg,notumor,notumor,0.9997877478599548
Te-no_0139.jpg,notumor,notumor,0.9999853372573853
Te-no_0111.jpg,notumor,notumor,0.9998812675476074
Te-no_0105.jpg,notumor,notumor,0.9997041821479797
Te-no_0313.jpg,notumor,notumor,0.9999884366989136
Te-no_0307.jpg,notumor,notumor,0.9998899698257446
Te-no_0298.jpg,notumor,notumor,0.9994055032730103
Te-no_0267.jpg,notumor,notumor,0.9999872446060181
Te-no_0273.jpg,notumor,notumor,0.9999674558639526
Te-no_0059.jpg,notumor,notumor,0.9995261430740356
Te-no_0065.jpg,notumor,notumor,0.9998455047607422
Te-no_0071.jpg,notumor,notumor,0.9983484745025635
Te-no_0067.jpg,notumor,notumor,0.9999651908874512
Te-no_0073.jpg,notumor,notumor,0.9999454021453857
Te-no_0098.jpg,notumor,notumor,0.9981356859207153
Te-no_0265.jpg,notumor,notumor,0.9999943971633911
Te-no_0271.jpg,notumor,notumor,0.9998606443405151
Te-no_0259.jpg,notumor,notumor,0.999991774559021
Te-no_0311.jpg,notumor,notumor,0.9998906850814819
Te-no_0305.jpg,notumor,notumor,0.9997511506080627
Te-no_0339.jpg,notumor,notumor,0.9999532699584961
Te-no_0113.jpg,notumor,notumor,0.9991757273674011
Te-no_0107.jpg,notumor,notumor,0.9999914169311523
Te-no_0106.jpg,notumor,notumor,0.9999960660934448
Te-no_0112.jpg,notumor,notumor,0.9999943971633911
Te-no_0338.jpg,notumor,notumor,0.9998396635055542
Te-no_0304.jpg,notumor,notumor,0.999948263168335
Te-no_0310.jpg,notumor,notumor,0.9983856678009033
Te-no_0258.jpg,notumor,notumor,0.9999955892562866
Te-no_0270.jpg,notumor,notumor,0.9999980926513672
Te-no_0264.jpg,notumor,notumor,0.9999991655349731
Te-no_0099.jpg,notumor,notumor,0.998887836933136
Te-no_0072.jpg,notumor,notumor,0.9999269247055054
Te-no_0066.jpg,notumor,notumor,0.9996705055236816
Te-no_0062.jpg,notumor,notumor,0.9999454021453857
Te-no_0076.jpg,notumor,notumor,0.9992457628250122
Te-no_0089.jpg,notumor,notumor,0.9998354911804199
Te-no_0248.jpg,notumor,notumor,0.9999642372131348
Te-no_0260.jpg,notumor,notumor,0.9999966621398926
Te-no_0274.jpg,notumor,notumor,0.998792290687561
Te-no_0328.jpg,notumor,notumor,0.9999573230743408
Te-no_0314.jpg,notumor,notumor,0.9999980926513672
Te-no_0300.jpg,notumor,notumor,0.9992400407791138
Te-noTr_0008.jpg,notumor,notumor,0.999680757522583
Te-no_0116.jpg,notumor,notumor,0.9999752044677734
Te-no_0102.jpg,notumor,notumor,0.9998356103897095
Te-no_0103.jpg,notumor,notumor,0.9998181462287903
Te-no_0117.jpg,notumor,notumor,0.9999896287918091
Te-noTr_0009.jpg,notumor,notumor,0.999913215637207
Te-no_0301.jpg,notumor,notumor,0.9999643564224243
Te-no_0315.jpg,notumor,notumor,0.9999979734420776
Te-no_0329.jpg,notumor,notumor,0.9999995231628418
Te-no_0275.jpg,notumor,notumor,0.9999970197677612
Te-no_0261.jpg,notumor,notumor,0.9999940395355225
Te-no_0249.jpg,notumor,notumor,0.9999998807907104
Te-no_0088.jpg,notumor,notumor,0.9994381070137024
Te-no_0077.jpg,notumor,notumor,0.9999769926071167
Te-no_0063.jpg,notumor,notumor,0.998760461807251
Te-no_0049.jpg,notumor,notumor,0.9999815225601196
Te-no_0075.jpg,notumor,notumor,0.9953494668006897
Te-no_0061.jpg,notumor,notumor,0.9999823570251465
Te-no_0277.jpg,notumor,notumor,0.9999841451644897
Te-no_0263.jpg,notumor,notumor,0.9999997615814209
Te-no_0288.jpg,notumor,notumor,0.9999936819076538
Te-no_0303.jpg,notumor,notumor,0.9999923706054688
Te-no_0317.jpg,notumor,notumor,0.999873161315918
Te-no_0129.jpg,notumor,notumor,0.9999531507492065
Te-no_0101.jpg,notumor,notumor,0.9995730519294739
Te-no_0115.jpg,notumor,notumor,0.9999696016311646
Te-no_0114.jpg,notumor,notumor,0.9999417066574097
Te-no_0100.jpg,notumor,notumor,0.9999634027481079
Te-no_0128.jpg,notumor,notumor,0.9997448325157166
Te-no_0316.jpg,notumor,notumor,0.9999943971633911
Te-no_0302.jpg,notumor,notumor,0.99997878074646
Te-no_0289.jpg,notumor,notumor,0.9999910593032837
Te-no_0262.jpg,notumor,notumor,0.9988241791725159
Te-no_0276.jpg,notumor,notumor,0.9998830556869507
Te-no_0060.jpg,notumor,notumor,0.9995809197425842
Te-no_0074.jpg,notumor,notumor,0.9984177350997925
Te-no_0048.jpg,notumor,notumor,0.9999630451202393
Te-pi_0233.jpg,pituitary,pituitary,0.9999991655349731
Te-pi_0227.jpg,pituitary,pituitary,0.9999959468841553
Te-pi_0019.jpg,pituitary,pituitary,0.9999614953994751
Te-pi_0031.jpg,pituitary,pituitary,0.999687910079956
Te-pi_0025.jpg,pituitary,pituitary,0.9999995231628418
Te-pi_0186.jpg,pituitary,pituitary,0.9999955892562866
Te-pi_0192.jpg,pituitary,pituitary,0.9997175335884094
Te-pi_0179.jpg,pituitary,pituitary,0.9999788999557495
Te-pi_0145.jpg,pituitary,pituitary,0.9999995231628418
Te-pi_0151.jpg,pituitary,pituitary,0.9999736547470093
Te-pi_0150.jpg,pituitary,pituitary,0.9999988079071045
Te-pi_0144.jpg,pituitary,pituitary,1.0
Te-pi_0178.jpg,pituitary,pituitary,0.9999990463256836
Te-pi_0193.jpg,pituitary,pituitary,0.9994199275970459
Te-pi_0187.jpg,pituitary,pituitary,0.9999982118606567
Te-pi_0024.jpg,pituitary,pituitary,0.9999996423721313
Te-pi_0030.jpg,pituitary,pituitary,0.9999953508377075
Te-pi_0018.jpg,pituitary,pituitary,0.9996826648712158
Te-pi_0226.jpg,pituitary,pituitary,0.9998688697814941
Te-pi_0232.jpg,pituitary,pituitary,0.9999992847442627
Te-pi_0218.jpg,pituitary,pituitary,0.9998425245285034
Te-pi_0224.jpg,pituitary,pituitary,0.819534957408905
Te-pi_0230.jpg,pituitary,pituitary,0.9998953342437744
Te-pi_0026.jpg,pituitary,pituitary,1.0
Te-pi_0032.jpg,pituitary,pituitary,0.9987156391143799
Te-pi_0191.jpg,pituitary,pituitary,0.9999980926513672
Te-pi_0185.jpg,pituitary,pituitary,0.8177086114883423
Te-pi_0152.jpg,pituitary,pituitary,0.9999816417694092
Te-pi_0146.jpg,pituitary,pituitary,0.999963641166687
Te-pi_0147.jpg,pituitary,pituitary,0.9998451471328735
Te-pi_0153.jpg,pituitary,pituitary,0.9999979734420776
Te-pi_0184.jpg,pituitary,pituitary,0.9994074106216431
Te-pi_0190.jpg,pituitary,pituitary,0.999847412109375
Te-pi_0033.jpg,pituitary,pituitary,0.9999985694885254
Te-pi_0027.jpg,pituitary,pituitary,0.9999991655349731
Te-pi_0231.jpg,pituitary,pituitary,0.9998260140419006
Te-pi_0225.jpg,pituitary,pituitary,1.0
Te-pi_0219.jpg,pituitary,pituitary,0.9999997615814209
Te-pi_0221.jpg,pituitary,pituitary,0.9999901056289673
Te-pi_0235.jpg,pituitary,pituitary,0.9999215602874756
Te-pi_0209.jpg,pituitary,pituitary,0.9999980926513672
Te-pi_0023.jpg,pituitary,pituitary,0.9999973773956299
Te-pi_0037.jpg,pituitary,pituitary,0.9999969005584717
Te-pi_0194.jpg,pituitary,pituitary,0.9999392032623291
Te-pi_0180.jpg,pituitary,pituitary,0.9999574422836304
Te-pi_0157.jpg,pituitary,pituitary,0.9999998807907104
Te-pi_0143.jpg,pituitary,pituitary,0.9999817609786987
Te-pi_0142.jpg,pituitary,pituitary,0.999953031539917
Te-pi_0156.jpg,pituitary,pituitary,0.9937134385108948
Te-pi_0181.jpg,pituitary,pituitary,0.9999903440475464
Te-pi_0195.jpg,pituitary,pituitary,0.9999996423721313
Te-pi_0036.jpg,pituitary,pituitary,0.9999864101409912
Te-pi_0022.jpg,pituitary,pituitary,0.9999871253967285
Te-pi_0208.jpg,pituitary,pituitary,0.9999992847442627
Te-pi_0234.jpg,pituitary,pituitary,0.9984317421913147
Te-pi_0220.jpg,pituitary,pituitary,0.9999576807022095
Te-pi_0236.jpg,pituitary,pituitary,0.9997956156730652
Te-pi_0222.jpg,pituitary,pituitary,0.9998027682304382
Te-pi_0034.jpg,pituitary,pituitary,0.9999973773956299
Te-pi_0020.jpg,pituitary,pituitary,1.0
Te-pi_0183.jpg,pituitary,pituitary,0.9999991655349731
Te-pi_0197.jpg,pituitary,pituitary,0.9999910593032837
Te-pi_0140.jpg,pituitary,pituitary,0.9951707720756531
Te-pi_0154.jpg,pituitary,pituitary,0.9994388222694397
Te-pi_0168.jpg,pituitary,pituitary,0.9999980926513672
Te-pi_0169.jpg,pituitary,pituitary,0.9999985694885254
Te-pi_0155.jpg,pituitary,pituitary,0.9998821020126343
Te-pi_0141.jpg,pituitary,pituitary,0.9999998807907104
Te-pi_0196.jpg,pituitary,pituitary,0.9994940757751465
Te-pi_0182.jpg,pituitary,pituitary,0.9999959468841553
Te-pi_0021.jpg,pituitary,pituitary,0.9999994039535522
Te-pi_0035.jpg,pituitary,pituitary,0.999996542930603
Te-pi_0223.jpg,pituitary,pituitary,0.9999997615814209
Te-pi_0237.jpg,pituitary,pituitary,0.9976933598518372
Te-pi_0293.jpg,pituitary,pituitary,0.9988183379173279
Te-pi_0287.jpg,pituitary,pituitary,0.9998538494110107
Te-piTr_0000.jpg,pituitary,pituitary,0.9999994039535522
Te-pi_0278.jpg,pituitary,pituitary,1.0
Te-pi_0250.jpg,pituitary,pituitary,1.0
Te-pi_0244.jpg,pituitary,pituitary,0.9999996423721313
Te-pi_0091.jpg,pituitary,pituitary,0.9999998807907104
Te-pi_0085.jpg,pituitary,pituitary,0.9999831914901733
Te-pi_0052.jpg,pituitary,pituitary,0.9999998807907104
Te-pi_0046.jpg,pituitary,pituitary,0.9999983310699463
Te-pi_0126.jpg,pituitary,pituitary,0.9999279975891113
Te-pi_0132.jpg,pituitary,pituitary,0.9999964237213135
Te-pi_0133.jpg,pituitary,pituitary,0.9999492168426514
Te-pi_0127.jpg,pituitary,pituitary,0.999996542930603
Te-pi_0047.jpg,pituitary,pituitary,0.9999997615814209
Te-pi_0053.jpg,pituitary,pituitary,0.9999997615814209
Te-pi_0084.jpg,pituitary,pituitary,0.9999992847442627
Te-pi_0090.jpg,pituitary,pituitary,1.0
Te-pi_0245.jpg,pituitary,pituitary,0.9999997615814209
Te-pi_0251.jpg,pituitary,pituitary,0.9999922513961792
Te-pi_0279.jpg,pituitary,pituitary,0.9999997615814209
Te-piTr_0001.jpg,pituitary,pituitary,0.9994082450866699
Te-pi_0286.jpg,pituitary,pituitary,0.999987006187439
Te-pi_0292.jpg,pituitary,pituitary,0.9999939203262329
Te-pi_0284.jpg,pituitary,pituitary,0.9999994039535522
Te-pi_0290.jpg,pituitary,pituitary,0.9999896287918091
Te-piTr_0003.jpg,pituitary,pituitary,1.0
Te-pi_0247.jpg,pituitary,pituitary,0.9999959468841553
Te-pi_0253.jpg,pituitary,pituitary,0.9999998807907104
Te-pi_0086.jpg,pituitary,pituitary,0.9999872446060181
Te-pi_0092.jpg,pituitary,pituitary,0.9999996423721313
Te-pi_0079.jpg,pituitary,pituitary,0.9775927662849426
Te-pi_0045.jpg,pituitary,pituitary,0.9995404481887817
Te-pi_0051.jpg,pituitary,pituitary,0.9999942779541016
Te-pi_0119.jpg,pituitary,pituitary,0.9999908208847046
Te-pi_0131.jpg,pituitary,pituitary,0.9999922513961792
Te-pi_0125.jpg,pituitary,pituitary,0.9998948574066162
Te-pi_0124.jpg,pituitary,pituitary,0.999981164932251
Te-pi_0130.jpg,pituitary,pituitary,0.9999972581863403
Te-pi_0118.jpg,pituitary,pituitary,0.9999707937240601
Te-pi_0050.jpg,pituitary,pituitary,0.9999001026153564
Te-pi_0044.jpg,pituitary,pituitary,0.9999997615814209
Te-pi_0078.jpg,pituitary,pituitary,0.9009793400764465
Te-pi_0093.jpg,pituitary,pituitary,0.9999674558639526
Te-pi_0087.jpg,pituitary,pituitary,0.999915599822998
Te-pi_0252.jpg,pituitary,pituitary,0.9999557733535767
Te-pi_0246.jpg,pituitary,pituitary,0.9997628331184387
Te-piTr_0002.jpg,pituitary,meningioma,0.9120777249336243
Te-pi_0291.jpg,pituitary,pituitary,0.9999834299087524
Te-pi_0285.jpg,pituitary,pituitary,0.999183714389801
Te-pi_0281.jpg,pituitary,pituitary,0.9999635219573975
Te-pi_0295.jpg,pituitary,pituitary,0.9959917664527893
Te-pi_0242.jpg,pituitary,pituitary,0.9999834299087524
Te-pi_0256.jpg,pituitary,pituitary,0.9999995231628418
Te-piTr_0006.jpg,pituitary,pituitary,0.9987879395484924
Te-pi_0083.jpg,pituitary,pituitary,0.9999178647994995
Te-pi_0097.jpg,pituitary,pituitary,0.9999043941497803
Te-pi_0040.jpg,pituitary,pituitary,0.9999943971633911
Te-pi_0054.jpg,pituitary,pituitary,0.9999924898147583
Te-pi_0068.jpg,pituitary,pituitary,0.9759570956230164
Te-pi_0134.jpg,pituitary,pituitary,0.9999994039535522
Te-pi_0120.jpg,pituitary,pituitary,0.9999885559082031
Te-pi_0108.jpg,pituitary,pituitary,0.9999425411224365
Te-pi_0109.jpg,pituitary,pituitary,0.9997184872627258
Te-pi_0121.jpg,pituitary,pituitary,0.9999058246612549
Te-pi_0135.jpg,pituitary,pituitary,0.9999997615814209
Te-pi_0069.jpg,pituitary,pituitary,0.999988317489624
Te-pi_0055.jpg,pituitary,pituitary,0.9999639987945557
Te-pi_0041.jpg,pituitary,pituitary,0.9999977350234985
Te-pi_0096.jpg,pituitary,pituitary,0.999995231628418
Te-pi_0082.jpg,pituitary,pituitary,0.9998226761817932
Te-piTr_0007.jpg,pituitary,pituitary,0.9999951124191284
Te-pi_0257.jpg,pituitary,pituitary,1.0
Te-pi_0243.jpg,pituitary,pituitary,1.0
Te-pi_0294.jpg,pituitary,pituitary,0.9999667406082153
Te-pi_0280.jpg,pituitary,pituitary,0.9999372959136963
Te-pi_0296.jpg,pituitary,pituitary,0.9999762773513794
Te-pi_0282.jpg,pituitary,pituitary,0.9999995231628418
Te-pi_0255.jpg,pituitary,pituitary,0.999998927116394
Te-pi_0241.jpg,pituitary,pituitary,0.999980092048645
Te-pi_0269.jpg,pituitary,pituitary,0.6687284111976624
Te-piTr_0005.jpg,pituitary,pituitary,0.9987776875495911
Te-pi_0094.jpg,pituitary,pituitary,0.9999295473098755
Te-pi_0080.jpg,pituitary,pituitary,0.9999998807907104
Te-pi_0057.jpg,pituitary,pituitary,0.9999399185180664
Te-pi_0043.jpg,pituitary,pituitary,0.9965433478355408
Te-pi_0123.jpg,pituitary,pituitary,0.9999973773956299
Te-pi_0137.jpg,pituitary,pituitary,0.9999926090240479
Te-pi_0136.jpg,pituitary,pituitary,1.0
Te-pi_0122.jpg,pituitary,pituitary,0.9999949932098389
Te-pi_0042.jpg,pituitary,pituitary,0.9999910593032837
Te-pi_0056.jpg,pituitary,pituitary,0.9999992847442627
Te-pi_0081.jpg,pituitary,pituitary,1.0
Te-pi_0095.jpg,pituitary,pituitary,0.999487042427063
Te-piTr_0004.jpg,pituitary,pituitary,1.0
Te-pi_0268.jpg,pituitary,pituitary,0.9999990463256836
Te-pi_0240.jpg,pituitary,pituitary,0.9998216032981873
Te-pi_0254.jpg,pituitary,pituitary,0.999731719493866
Te-pi_0283.jpg,pituitary,pituitary,0.9988269209861755
Te-pi_0297.jpg,pituitary,pituitary,0.9995822310447693
Te-pi_0259.jpg,pituitary,pituitary,0.9999134540557861
Te-pi_0271.jpg,pituitary,pituitary,0.9999997615814209
Te-piTr_0009.jpg,pituitary,pituitary,0.9998712539672852
Te-pi_0265.jpg,pituitary,pituitary,0.9999516010284424
Te-pi_0098.jpg,pituitary,pituitary,0.9999948740005493
Te-pi_0073.jpg,pituitary,pituitary,1.0
Te-pi_0067.jpg,pituitary,pituitary,0.9999980926513672
Te-pi_0107.jpg,pituitary,pituitary,0.9978524446487427
Te-pi_0113.jpg,pituitary,pituitary,0.9999232292175293
Te-pi_0112.jpg,pituitary,pituitary,0.9999833106994629
Te-pi_0106.jpg,pituitary,pituitary,0.999950647354126
Te-pi_0066.jpg,pituitary,pituitary,0.9999910593032837
Te-pi_0072.jpg,pituitary,pituitary,0.9999979734420776
Te-pi_0099.jpg,pituitary,pituitary,0.9999758005142212
Te-pi_0264.jpg,pituitary,pituitary,0.999984622001648
Te-piTr_0008.jpg,pituitary,pituitary,0.9999381303787231
Te-pi_0270.jpg,pituitary,pituitary,0.9999997615814209
Te-pi_0258.jpg,pituitary,pituitary,0.9999995231628418
Te-pi_0299.jpg,pituitary,pituitary,0.9999992847442627
Te-pi_0266.jpg,pituitary,pituitary,0.9999924898147583
Te-pi_0272.jpg,pituitary,pituitary,0.9999998807907104
Te-pi_0058.jpg,pituitary,pituitary,0.9999904632568359
Te-pi_0064.jpg,pituitary,pituitary,0.9999915361404419
Te-pi_0070.jpg,pituitary,pituitary,0.9998891353607178
Te-pi_0138.jpg,pituitary,pituitary,0.9999980926513672
Te-pi_0110.jpg,pituitary,pituitary,0.9999886751174927
Te-pi_0104.jpg,pituitary,pituitary,0.9999936819076538
Te-pi_0105.jpg,pituitary,pituitary,0.999889612197876
Te-pi_0111.jpg,pituitary,pituitary,0.9998636245727539
Te-pi_0139.jpg,pituitary,pituitary,0.9999785423278809
Te-pi_0071.jpg,pituitary,pituitary,0.9998438358306885
Te-pi_0065.jpg,pituitary,pituitary,0.9999984502792358
Te-pi_0059.jpg,pituitary,pituitary,0.999997615814209
Te-pi_0273.jpg,pituitary,pituitary,0.9998632669448853
Te-pi_0267.jpg,pituitary,pituitary,0.9978957176208496
Te-pi_0298.jpg,pituitary,pituitary,0.9999974966049194
Te-pi_0288.jpg,pituitary,pituitary,0.9999788999557495
Te-pi_0263.jpg,pituitary,pituitary,0.9999998807907104
Te-pi_0277.jpg,pituitary,pituitary,0.9999998807907104
Te-pi_0061.jpg,pituitary,pituitary,0.9999995231628418
Te-pi_0075.jpg,pituitary,pituitary,0.9997443556785583
Te-pi_0049.jpg,pituitary,pituitary,0.9999862909317017
Te-pi_0115.jpg,pituitary,pituitary,0.9999995231628418
Te-pi_0101.jpg,pituitary,pituitary,0.9999998807907104
Te-pi_0129.jpg,pituitary,pituitary,0.999969482421875
Te-pi_0128.jpg,pituitary,pituitary,0.9999972581863403
Te-pi_0100.jpg,pituitary,pituitary,0.9999958276748657
Te-pi_0114.jpg,pituitary,pituitary,0.9998587369918823
Te-pi_0048.jpg,pituitary,pituitary,0.9999992847442627
Te-pi_0074.jpg,pituitary,pituitary,0.9999474287033081
Te-pi_0060.jpg,pituitary,pituitary,0.9999489784240723
Te-pi_0276.jpg,pituitary,pituitary,0.9999996423721313
Te-pi_0262.jpg,pituitary,pituitary,0.9999918937683105
Te-pi_0289.jpg,pituitary,pituitary,0.9999988079071045
Te-pi_0274.jpg,pituitary,pituitary,0.9997953772544861
Te-pi_0260.jpg,pituitary,pituitary,0.9999980926513672
Te-pi_0248.jpg,pituitary,pituitary,1.0
Te-pi_0089.jpg,pituitary,pituitary,0.999962329864502
Te-pi_0076.jpg,pituitary,pituitary,0.9999998807907104
Te-pi_0062.jpg,pituitary,pituitary,0.9999939203262329
Te-pi_0102.jpg,pituitary,pituitary,0.999996542930603
Te-pi_0116.jpg,pituitary,pituitary,0.999991774559021
Te-pi_0117.jpg,pituitary,pituitary,0.9999982118606567
Te-pi_0103.jpg,pituitary,pituitary,0.9999330043792725
Te-pi_0063.jpg,pituitary,pituitary,0.999975323677063
Te-pi_0077.jpg,pituitary,pituitary,0.9998648166656494
Te-pi_0088.jpg,pituitary,pituitary,0.9999836683273315
Te-pi_0249.jpg,pituitary,pituitary,0.9999973773956299
Te-pi_0261.jpg,pituitary,pituitary,0.9999992847442627
Te-pi_0275.jpg,pituitary,pituitary,0.9998575448989868
Te-pi_0212.jpg,pituitary,pituitary,0.9999698400497437
Te-pi_0206.jpg,pituitary,pituitary,0.9999819993972778
Te-pi_0038.jpg,pituitary,pituitary,0.9999998807907104
Te-pi_0010.jpg,pituitary,pituitary,0.9999935626983643
Te-pi_0158.jpg,pituitary,pituitary,0.9999626874923706
Te-pi_0164.jpg,pituitary,pituitary,0.9999994039535522
Te-pi_0170.jpg,pituitary,pituitary,0.9998781681060791
Te-pi_0171.jpg,pituitary,pituitary,0.9992712140083313
Te-pi_0165.jpg,pituitary,pituitary,0.9999991655349731
Te-pi_0159.jpg,pituitary,pituitary,0.9999998807907104
Te-pi_0011.jpg,pituitary,pituitary,0.9999996423721313
Te-pi_0039.jpg,pituitary,pituitary,0.9996436834335327
Te-pi_0207.jpg,pituitary,pituitary,0.9998852014541626
Te-pi_0213.jpg,pituitary,pituitary,0.9999855756759644
Te-pi_0239.jpg,pituitary,pituitary,0.9999995231628418
Te-pi_0205.jpg,pituitary,pituitary,0.9999825954437256
Te-pi_0211.jpg,pituitary,pituitary,0.9999916553497314
Te-pi_0013.jpg,pituitary,pituitary,0.9999905824661255
Te-pi_0198.jpg,pituitary,pituitary,0.9999909400939941
Te-pi_0173.jpg,pituitary,pituitary,0.9998550415039062
Te-pi_0167.jpg,pituitary,pituitary,0.9999998807907104
Te-pi_0166.jpg,pituitary,pituitary,1.0
Te-pi_0172.jpg,pituitary,pituitary,0.9999971389770508
Te-pi_0199.jpg,pituitary,pituitary,0.9998074173927307
Te-pi_0012.jpg,pituitary,pituitary,0.9999582767486572
Te-pi_0210.jpg,pituitary,pituitary,0.9999269247055054
Te-pi_0204.jpg,pituitary,pituitary,0.9999994039535522
Te-pi_0238.jpg,pituitary,pituitary,0.9998146891593933
Te-pi_0200.jpg,pituitary,pituitary,0.9999885559082031
Te-pi_0214.jpg,pituitary,pituitary,0.9999750852584839
Te-pi_0228.jpg,pituitary,pituitary,0.9999912977218628
Te-pi_0016.jpg,pituitary,pituitary,0.999991774559021
Te-pi_0189.jpg,pituitary,pituitary,0.9999890327453613
Te-pi_0176.jpg,pituitary,pituitary,0.9999997615814209
Te-pi_0162.jpg,pituitary,pituitary,0.9999632835388184
Te-pi_0163.jpg,pituitary,pituitary,0.9999988079071045
Te-pi_0177.jpg,pituitary,pituitary,0.9999942779541016
Te-pi_0188.jpg,pituitary,pituitary,0.6145726442337036
Te-pi_0017.jpg,pituitary,pituitary,0.9999967813491821
Te-pi_0229.jpg,pituitary,pituitary,0.9999352693557739
Te-pi_0215.jpg,pituitary,pituitary,0.9999865293502808
Te-pi_0201.jpg,pituitary,pituitary,0.9995966553688049
Te-pi_0217.jpg,pituitary,pituitary,0.9996145963668823
Te-pi_0203.jpg,pituitary,pituitary,0.9999996423721313
Te-pi_0015.jpg,pituitary,pituitary,0.9999977350234985
Te-pi_0029.jpg,pituitary,pituitary,0.9999641180038452
Te-pi_0161.jpg,pituitary,pituitary,0.9999959468841553
Te-pi_0175.jpg,pituitary,pituitary,0.9990531802177429
Te-pi_0149.jpg,pituitary,pituitary,0.9999477863311768
Te-pi_0148.jpg,pituitary,pituitary,0.9999997615814209
Te-pi_0174.jpg,pituitary,pituitary,0.9997636675834656
Te-pi_0160.jpg,pituitary,pituitary,0.9999988079071045
Te-pi_0028.jpg,pituitary,pituitary,0.9999939203262329
Te-pi_0014.jpg,pituitary,pituitary,0.9999996423721313
Te-pi_0202.jpg,pituitary,pituitary,0.9999997615814209
Te-pi_0216.jpg,pituitary,pituitary,0.9995490908622742
